{"cameraMode":{"drawMode":0,"name":"Shaded","section":"Shading Mode"},"sceneLighting":true,"audioPlay":false,"sceneViewState":{"m_AlwaysRefresh":false,"showFog":true,"showSkybox":true,"showFlares":true,"showImageEffects":true,"showParticleSystems":true,"showVisualEffectGraphs":true,"m_FxEnabled":true},"in2DMode":false,"pivot":{"x":4.5325236320495609,"y":2.0680811405181886,"z":12.939340591430664},"rotation":{"x":-0.17409832775592805,"y":0.15788646042346955,"z":-0.028291940689086915,"w":-0.9715770483016968},"size":18.569475173950197,"orthographic":false}